,SV,RRI
baseline,1.1871151925940724,0.5677011017943246
recovery,0.6549675716219319,2.10233045147251
stage1,1.113735525576988,1.179579867038417
stage2,0.6115993514774779,0.8478011453597716
stage3,1.0150010411081856,1.4247484777931936
stage4,1.4714709556897978,2.3458740506544307
