,SV,RRI
baseline,0.8265550349847653,0.23226146076219809
recovery,1.171058557557894,0.05804373605518398
stage1,0.9450098464649999,0.26402373665081313
stage2,0.9377086104965116,0.11710311092132325
stage3,1.2578670157470302,0.42554609178484243
stage4,0.3688321554490292,2.474103460726958
stage5,1.4573154245884805,1.5520204183149129
